Review ID,Buyer ID,Seller ID,Product Name,Review Text,Rating,Journey Stage,Date,Sentiment
R000001,B00075,S0023,Monitor 27 inch 4K,Product arrived damaged due to poor packaging. Very disappointed.,2,Delivery,2026-02-23,Negative
R000002,B00147,S0035,Bluetooth Speaker Waterproof,Delivery was on time. Packaging was basic but sufficient.,3,Delivery,2026-06-30,Neutral
R000003,B00066,S0045,Tablet 10 inch Android,Excellent customer service! Very patient and understanding.,5,Support,2026-06-27,Positive
R000004,B00066,S0037,Laptop Stand Adjustable,Support was useless. They didn't understand my problem at all.,1,Support,2026-07-19,Negative
R000005,B00151,S0041,Ergonomic Office Chair,Super fast delivery and the product quality exceeded my expectations!,5,Delivery,2026-05-29,Positive
R000006,B00006,S0036,Phone Charger Fast Charging,Complete waste of money. Product quality is extremely poor.,2,After-sales,2026-01-31,Negative
R000007,B00029,S0013,Standing Desk Electric,Product information is adequate but could be more detailed.,3,Browsing,2026-01-24,Neutral
R000008,B00070,S0017,Phone Case Premium Leather,Customer support was amazing! Resolved my query in minutes.,4,Support,2026-07-18,Positive
R000009,B00072,S0022,Laptop Stand Adjustable,Complicated checkout with too many unnecessary steps.,1,Ordering,2026-02-15,Negative
R000010,B00146,S0012,Bluetooth Speaker Waterproof,The website navigation is smooth. Found exactly what I was looking for quickly.,4,Browsing,2026-02-26,Positive
R000011,B00113,S0005,Webcam HD 1080p,Standard delivery service. Product arrived intact.,3,Delivery,2026-04-20,Neutral
R000012,B00117,S0030,Mechanical Keyboard RGB,Excellent packaging and quick shipping. Product arrived intact.,5,Delivery,2026-01-24,Positive
R000013,B00109,S0024,Webcam HD 1080p,Great after-sales support. They followed up to ensure satisfaction.,5,After-sales,2026-02-05,Positive
R000014,B00121,S0023,Phone Holder Car Mount,It's been okay. Product quality is as expected.,3,After-sales,2026-04-24,Neutral
R000015,B00052,S0003,Ergonomic Office Chair,Support was adequate. Response time could be improved.,3,Support,2026-07-10,Neutral
R000016,B00065,S0006,Laptop Stand Adjustable,Payment gateway issues. Order took forever to complete.,2,Ordering,2026-02-16,Negative
R000017,B00144,S0015,Webcam Cover Slide,Support team is unhelpful and slow. Very disappointing service.,1,Support,2026-03-30,Negative
R000018,B00005,S0044,HDMI Cable 4K 6ft,Excellent customer service! Very patient and understanding.,5,Support,2026-02-08,Positive
R000019,B00125,S0020,Surge Protector 12 Outlet,Clean interface and fast loading. Shopping experience was pleasant.,5,Browsing,2026-06-08,Positive
R000020,B00065,S0005,Webcam HD 1080p,Acceptable quality. Nothing impressive but does the job.,3,After-sales,2026-04-23,Neutral
R000021,B00045,S0010,HDMI Cable 4K 6ft,Payment options are great! Completed my order in seconds.,4,Ordering,2026-06-12,Positive
R000022,B00080,S0013,Laptop Stand Adjustable,The support team was very helpful and friendly. Great service!,5,Support,2026-07-08,Positive
R000023,B00103,S0023,Wireless Bluetooth Headphones,Excellent customer service! Very patient and understanding.,5,Support,2026-07-16,Positive
R000024,B00156,S0011,Tablet 10 inch Android,Payment options are great! Completed my order in seconds.,5,Ordering,2026-05-17,Positive
R000025,B00134,S0026,External SSD 1TB,Very poor website design. Makes shopping difficult.,2,Browsing,2026-05-06,Negative
R000026,B00131,S0012,Mouse Pad XXL Gaming,Product exceeded expectations. Would definitely buy from this seller again!,5,After-sales,2026-04-14,Positive
R000027,B00080,S0021,Ergonomic Office Chair,Checkout was okay. Process could be simplified.,3,Ordering,2026-03-24,Neutral
R000028,B00066,S0028,USB-C Hub 7-in-1,Confusing layout and missing product information. Not satisfied.,2,Browsing,2026-04-25,Negative
R000029,B00026,S0036,USB-C Hub 7-in-1,Checkout is functional but could be more intuitive.,4,Ordering,2026-01-21,Neutral
R000030,B00035,S0020,LED Desk Lamp,Product information is adequate but could be more detailed.,4,Browsing,2026-07-18,Neutral
R000031,B00110,S0035,Mouse Pad XXL Gaming,Product is defective and seller is not helping with replacement.,2,After-sales,2026-07-01,Negative
R000032,B00029,S0032,Wireless Bluetooth Headphones,Super fast delivery and the product quality exceeded my expectations!,4,Delivery,2026-02-27,Positive
R000033,B00111,S0020,LED Desk Lamp,Acceptable quality. Nothing impressive but does the job.,3,After-sales,2026-03-23,Neutral
R000034,B00118,S0029,Laptop Backpack Travel,Search functionality is terrible. Couldn't find what I needed easily.,1,Browsing,2026-04-14,Negative
R000035,B00124,S0042,Bluetooth Speaker Waterproof,Checkout process was super smooth and quick. Loved the experience!,4,Ordering,2026-04-17,Positive
R000036,B00031,S0018,Standing Desk Electric,Order confirmation was instant. Very professional service.,4,Ordering,2026-03-30,Positive
R000037,B00002,S0008,Cable Organizer Box,Standard ordering process. No issues but nothing special.,4,Ordering,2026-03-24,Neutral
R000038,B00014,S0016,Bluetooth Speaker Waterproof,Product information is adequate but could be more detailed.,3,Browsing,2026-02-02,Neutral
R000039,B00042,S0007,Noise Cancelling Earbuds,No issues yet. Performance is average.,4,After-sales,2026-05-13,Neutral
R000040,B00024,S0015,Noise Cancelling Earbuds,Checkout was okay. Process could be simplified.,3,Ordering,2026-02-16,Neutral
R000041,B00119,S0002,Cable Organizer Box,Order confirmation took hours. Poor system reliability.,1,Ordering,2026-01-28,Negative
R000042,B00120,S0023,Monitor 27 inch 4K,Product information is adequate but could be more detailed.,3,Browsing,2026-01-29,Neutral
R000043,B00089,S0027,Gaming Mouse Wireless,Clean interface and fast loading. Shopping experience was pleasant.,5,Browsing,2026-05-06,Positive
R000044,B00025,S0012,Laptop Backpack Travel,The website navigation is smooth. Found exactly what I was looking for quickly.,5,Browsing,2026-05-10,Positive
R000045,B00141,S0008,USB-C Hub 7-in-1,Smooth ordering process with multiple payment options. Excellent!,5,Ordering,2026-02-03,Positive
R000046,B00144,S0025,External SSD 1TB,Issue was solved but the process was a bit lengthy.,3,Support,2026-05-05,Neutral
R000047,B00051,S0022,Ergonomic Office Chair,"Delivery was average. Product is okay, nothing extraordinary.",3,Delivery,2026-01-24,Neutral
R000048,B00027,S0013,Webcam HD 1080p,Received my order on time. Great tracking updates throughout.,5,Delivery,2026-02-10,Positive
R000049,B00159,S0026,Phone Holder Car Mount,Excellent product images and specifications. Made my decision easy.,5,Browsing,2026-05-14,Positive
R000050,B00007,S0014,Screen Protector Tempered Glass,Love the comparison feature! Helped me choose the right product.,5,Browsing,2026-03-31,Positive
R000051,B00127,S0034,Ergonomic Office Chair,Very poor website design. Makes shopping difficult.,1,Browsing,2026-05-28,Negative
R000052,B00068,S0011,Standing Desk Electric,Worst purchase ever. Product failed and no after-sales support.,1,After-sales,2026-05-28,Negative
R000053,B00147,S0023,Screen Protector Tempered Glass,Payment options are great! Completed my order in seconds.,5,Ordering,2026-05-06,Positive
R000054,B00027,S0018,Standing Desk Electric,"Navigation is fine, nothing special but gets the job done.",3,Browsing,2026-04-27,Neutral
R000055,B00041,S0037,Webcam Cover Slide,Customer support was helpful but took some time to respond.,3,Support,2026-07-04,Neutral
R000056,B00166,S0005,Cable Organizer Box,Checkout process was super smooth and quick. Loved the experience!,5,Ordering,2026-07-11,Positive
R000057,B00122,S0033,Mouse Pad XXL Gaming,It's been okay. Product quality is as expected.,3,After-sales,2026-03-11,Neutral
R000058,B00110,S0045,Ring Light for Video,Package arrived earlier than expected! Product was well packed and in perfect condition.,5,Delivery,2026-02-21,Positive
R000059,B00142,S0022,Portable Power Bank 20000mAh,Checkout process kept failing. Had to retry multiple times. Very annoying!,1,Ordering,2026-02-11,Negative
R000060,B00017,S0002,Webcam HD 1080p,"Navigation is fine, nothing special but gets the job done.",3,Browsing,2026-07-17,Neutral
R000061,B00070,S0012,Webcam Cover Slide,Customer support was amazing! Resolved my query in minutes.,5,Support,2026-03-28,Positive
R000062,B00130,S0033,Webcam Cover Slide,Excellent product images and specifications. Made my decision easy.,5,Browsing,2026-03-30,Positive
R000063,B00085,S0035,Noise Cancelling Earbuds,Standard ordering process. No issues but nothing special.,4,Ordering,2026-03-29,Neutral
R000064,B00110,S0024,Wireless Bluetooth Headphones,Product descriptions are misleading and incomplete.,1,Browsing,2026-06-12,Negative
R000065,B00157,S0037,External SSD 1TB,Easy and secure checkout. Appreciated the clear pricing.,5,Ordering,2026-05-22,Positive
R000066,B00069,S0050,Phone Holder Car Mount,Great product description! Very detailed and helpful. Easy to find what I needed.,4,Browsing,2026-04-27,Positive
R000067,B00077,S0014,Surge Protector 12 Outlet,Payment options are great! Completed my order in seconds.,5,Ordering,2026-04-30,Positive
R000068,B00115,S0011,Cable Organizer Box,Product is functional. Meets basic requirements.,3,After-sales,2026-03-04,Neutral
R000069,B00013,S0021,Surge Protector 12 Outlet,Still loving this product! Best purchase I've made this year.,4,After-sales,2026-03-11,Positive
R000070,B00077,S0041,Monitor 27 inch 4K,Got help but had to wait longer than expected.,3,Support,2026-04-29,Neutral
R000071,B00069,S0013,Mechanical Keyboard RGB,Issue was solved but the process was a bit lengthy.,4,Support,2026-07-09,Neutral
R000072,B00020,S0041,Gaming Mouse Wireless,Product stopped working after a week. Quality is terrible.,1,After-sales,2026-04-26,Negative
R000073,B00095,S0002,Ergonomic Office Chair,Order confirmation was instant. Very professional service.,5,Ordering,2026-07-12,Positive
R000074,B00142,S0001,Gaming Mouse Wireless,Worst purchase ever. Product failed and no after-sales support.,2,After-sales,2026-03-03,Negative
R000075,B00022,S0043,Phone Holder Car Mount,Payment options are great! Completed my order in seconds.,5,Ordering,2026-05-10,Positive
R000076,B00069,S0035,Laptop Backpack Travel,The website navigation is smooth. Found exactly what I was looking for quickly.,5,Browsing,2026-06-09,Positive
R000077,B00024,S0012,Ring Light for Video,Issue was solved but the process was a bit lengthy.,4,Support,2026-02-13,Neutral
R000078,B00044,S0036,Microphone USB Condenser,Support team went above and beyond to help me. Highly recommend!,4,Support,2026-05-12,Positive
R000079,B00051,S0013,Phone Case Premium Leather,"Delivery was average. Product is okay, nothing extraordinary.",3,Delivery,2026-04-24,Neutral
R000080,B00002,S0012,Phone Case Premium Leather,Fast delivery! The product is exactly as described. Very satisfied.,5,Delivery,2026-05-26,Positive
R000081,B00145,S0049,Surge Protector 12 Outlet,Search functionality is terrible. Couldn't find what I needed easily.,2,Browsing,2026-03-27,Negative
R000082,B00071,S0012,Tablet 10 inch Android,Excellent packaging and quick shipping. Product arrived intact.,5,Delivery,2026-02-15,Positive
R000083,B00162,S0009,Monitor 27 inch 4K,Support team resolved my issue eventually. Could be faster.,3,Support,2026-01-29,Neutral
R000084,B00018,S0018,Cable Organizer Box,Package arrived on expected date. Product condition is acceptable.,4,Delivery,2026-06-18,Neutral
R000085,B00112,S0011,Bluetooth Speaker Waterproof,Quick response from customer care. They solved my issue immediately.,4,Support,2026-05-20,Positive
R000086,B00135,S0001,Surge Protector 12 Outlet,The website navigation is smooth. Found exactly what I was looking for quickly.,5,Browsing,2026-03-22,Positive
R000087,B00159,S0032,Cable Organizer Box,Product information is adequate but could be more detailed.,3,Browsing,2026-05-06,Neutral
R000088,B00054,S0029,Microphone USB Condenser,Customer support was amazing! Resolved my query in minutes.,5,Support,2026-06-23,Positive
R000089,B00058,S0046,Webcam HD 1080p,Delivery was delayed by a week. No proper updates provided.,2,Delivery,2026-05-31,Negative
R000090,B00048,S0003,Ring Light for Video,Fast delivery! The product is exactly as described. Very satisfied.,4,Delivery,2026-06-13,Positive
R000091,B00095,S0017,Monitor 27 inch 4K,Clean interface and fast loading. Shopping experience was pleasant.,5,Browsing,2026-05-17,Positive
R000092,B00059,S0009,Screen Protector Tempered Glass,Smooth ordering process with multiple payment options. Excellent!,5,Ordering,2026-05-20,Positive
R000093,B00116,S0009,Fitness Tracker Smart Band,Customer support was amazing! Resolved my query in minutes.,5,Support,2026-03-02,Positive
R000094,B00053,S0035,USB-C Hub 7-in-1,Order confirmation took hours. Poor system reliability.,2,Ordering,2026-03-02,Negative
R000095,B00057,S0008,Webcam HD 1080p,No issues so far. The product quality is outstanding.,5,After-sales,2026-02-11,Positive
R000096,B00048,S0020,Phone Holder Car Mount,Payment options are great! Completed my order in seconds.,4,Ordering,2026-07-11,Positive
R000097,B00090,S0048,Mechanical Keyboard RGB,Payment options are great! Completed my order in seconds.,5,Ordering,2026-05-11,Positive
R000098,B00096,S0021,USB-C Hub 7-in-1,Smooth ordering process with multiple payment options. Excellent!,5,Ordering,2026-03-27,Positive
R000099,B00102,S0037,Webcam Cover Slide,Super fast delivery and the product quality exceeded my expectations!,4,Delivery,2026-02-05,Positive
R000100,B00021,S0009,Tablet 10 inch Android,Package arrived late and damaged. Product condition was terrible.,1,Delivery,2026-05-20,Negative
R000101,B00028,S0048,Portable Power Bank 20000mAh,Order confirmation was instant. Very professional service.,4,Ordering,2026-03-26,Positive
R000102,B00050,S0009,Ergonomic Office Chair,The support team was very helpful and friendly. Great service!,5,Support,2026-03-09,Positive
R000103,B00041,S0028,Wireless Charger Pad,Great after-sales support. They followed up to ensure satisfaction.,4,After-sales,2026-06-26,Positive
R000104,B00088,S0043,Webcam Cover Slide,Package arrived earlier than expected! Product was well packed and in perfect condition.,4,Delivery,2026-02-11,Positive
R000105,B00163,S0013,Surge Protector 12 Outlet,Standard ordering process. No issues but nothing special.,3,Ordering,2026-02-18,Neutral
R000106,B00022,S0001,Wireless Bluetooth Headphones,Website is okay. Could use better search filters.,4,Browsing,2026-07-04,Neutral
R000107,B00140,S0012,Gaming Mouse Wireless,Excellent packaging and quick shipping. Product arrived intact.,5,Delivery,2026-04-22,Positive
R000108,B00154,S0042,Tablet 10 inch Android,Support was useless. They didn't understand my problem at all.,1,Support,2026-02-19,Negative
R000109,B00145,S0034,Standing Desk Electric,No issues yet. Performance is average.,3,After-sales,2026-05-23,Neutral
R000110,B00150,S0040,Portable Power Bank 20000mAh,Fast delivery! The product is exactly as described. Very satisfied.,5,Delivery,2026-06-19,Positive
R000111,B00013,S0017,Laptop Stand Adjustable,Customer support was helpful but took some time to respond.,4,Support,2026-03-04,Neutral
R000112,B00051,S0043,Wireless Charger Pad,Smooth ordering process with multiple payment options. Excellent!,5,Ordering,2026-02-18,Positive
R000113,B00015,S0009,LED Desk Lamp,Faced multiple errors during checkout. Very poor experience.,1,Ordering,2026-06-19,Negative
R000114,B00007,S0013,Bluetooth Speaker Waterproof,Complicated checkout with too many unnecessary steps.,1,Ordering,2026-02-21,Negative
R000115,B00017,S0024,Portable Power Bank 20000mAh,Clean interface and fast loading. Shopping experience was pleasant.,5,Browsing,2026-05-27,Positive
R000116,B00062,S0035,Fitness Tracker Smart Band,Support team went above and beyond to help me. Highly recommend!,5,Support,2026-06-12,Positive
R000117,B00103,S0005,Phone Charger Fast Charging,Got help but had to wait longer than expected.,3,Support,2026-03-08,Neutral
R000118,B00068,S0006,Cable Organizer Box,Package arrived late and damaged. Product condition was terrible.,2,Delivery,2026-03-28,Negative
R000119,B00081,S0038,LED Desk Lamp,No issues so far. The product quality is outstanding.,4,After-sales,2026-06-04,Positive
R000120,B00031,S0026,Monitor 27 inch 4K,Standard ordering process. No issues but nothing special.,4,Ordering,2026-06-17,Neutral
R000121,B00078,S0049,Screen Protector Tempered Glass,Interface is decent but could be more user-friendly.,3,Browsing,2026-02-19,Neutral
R000122,B00139,S0019,Surge Protector 12 Outlet,Quick response from customer care. They solved my issue immediately.,4,Support,2026-04-05,Positive
R000123,B00074,S0003,Microphone USB Condenser,Easy and secure checkout. Appreciated the clear pricing.,5,Ordering,2026-02-26,Positive
R000124,B00043,S0026,Phone Charger Fast Charging,It's been okay. Product quality is as expected.,4,After-sales,2026-03-10,Neutral
R000125,B00166,S0022,Surge Protector 12 Outlet,Delivery was on time. Packaging was basic but sufficient.,4,Delivery,2026-03-19,Neutral
R000126,B00151,S0048,Ergonomic Office Chair,No issues yet. Performance is average.,4,After-sales,2026-04-03,Neutral
R000127,B00057,S0048,Phone Holder Car Mount,The support team was very helpful and friendly. Great service!,4,Support,2026-01-21,Positive
R000128,B00031,S0005,Wireless Charger Pad,Very slow delivery. Product packaging was poor and item was broken.,1,Delivery,2026-03-06,Negative
R000129,B00138,S0031,Fitness Tracker Smart Band,Great after-sales support. They followed up to ensure satisfaction.,5,After-sales,2026-05-14,Positive
R000130,B00145,S0038,Cable Organizer Box,Product is functional. Meets basic requirements.,4,After-sales,2026-02-21,Neutral
R000131,B00071,S0010,Bluetooth Speaker Waterproof,Standard delivery service. Product arrived intact.,4,Delivery,2026-05-06,Neutral
R000132,B00018,S0031,USB-C Hub 7-in-1,No issues so far. The product quality is outstanding.,5,After-sales,2026-07-12,Positive
R000133,B00035,S0031,Monitor 27 inch 4K,Order confirmation took hours. Poor system reliability.,1,Ordering,2026-06-02,Negative
R000134,B00020,S0026,Wireless Charger Pad,Customer support is non-responsive. Still waiting for a reply after days.,2,Support,2026-06-20,Negative
R000135,B00028,S0047,Ring Light for Video,Late delivery and the product was not as described. Waste of money!,1,Delivery,2026-07-03,Negative
R000136,B00106,S0028,Laptop Stand Adjustable,Late delivery and the product was not as described. Waste of money!,2,Delivery,2026-01-23,Negative
R000137,B00115,S0041,USB-C Hub 7-in-1,Excellent product images and specifications. Made my decision easy.,5,Browsing,2026-06-24,Positive
R000138,B00157,S0038,Monitor 27 inch 4K,The support team was very helpful and friendly. Great service!,5,Support,2026-04-30,Positive
R000139,B00083,S0047,Webcam HD 1080p,Fast delivery! The product is exactly as described. Very satisfied.,5,Delivery,2026-07-13,Positive
R000140,B00006,S0019,Phone Case Premium Leather,Website is okay. Could use better search filters.,3,Browsing,2026-03-12,Neutral
R000141,B00044,S0048,Portable Power Bank 20000mAh,Support was useless. They didn't understand my problem at all.,2,Support,2026-03-15,Negative
R000142,B00122,S0011,Ring Light for Video,Product is functional. Meets basic requirements.,4,After-sales,2026-06-12,Neutral
R000143,B00036,S0037,Cable Organizer Box,Terrible support! They couldn't resolve my issue and were rude.,2,Support,2026-03-22,Negative
R000144,B00161,S0038,Portable Power Bank 20000mAh,Product information is adequate but could be more detailed.,3,Browsing,2026-02-12,Neutral
R000145,B00145,S0044,Cable Organizer Box,Customer support was amazing! Resolved my query in minutes.,4,Support,2026-06-10,Positive
R000146,B00061,S0007,Webcam Cover Slide,Checkout process was super smooth and quick. Loved the experience!,5,Ordering,2026-04-23,Positive
R000147,B00139,S0005,Cable Organizer Box,Interface is decent but could be more user-friendly.,3,Browsing,2026-02-06,Neutral
R000148,B00038,S0045,Surge Protector 12 Outlet,Smooth ordering process with multiple payment options. Excellent!,4,Ordering,2026-05-03,Positive
R000149,B00119,S0031,Phone Holder Car Mount,Very poor website design. Makes shopping difficult.,1,Browsing,2026-06-26,Negative
R000150,B00024,S0013,Mechanical Keyboard RGB,Package arrived earlier than expected! Product was well packed and in perfect condition.,5,Delivery,2026-03-26,Positive
R000151,B00093,S0031,Noise Cancelling Earbuds,Very poor product quality. Broke down within days. Do not recommend!,1,After-sales,2026-07-06,Negative
R000152,B00102,S0006,Phone Case Premium Leather,Website is okay. Could use better search filters.,3,Browsing,2026-03-18,Neutral
R000153,B00109,S0025,Laptop Stand Adjustable,Acceptable quality. Nothing impressive but does the job.,3,After-sales,2026-05-21,Neutral
R000154,B00152,S0022,Phone Charger Fast Charging,Super fast delivery and the product quality exceeded my expectations!,5,Delivery,2026-03-13,Positive
R000155,B00112,S0023,Fitness Tracker Smart Band,Received my order on time. Great tracking updates throughout.,5,Delivery,2026-07-08,Positive
R000156,B00084,S0025,Noise Cancelling Earbuds,Received my order on time. Great tracking updates throughout.,5,Delivery,2026-06-03,Positive
R000157,B00120,S0048,USB-C Hub 7-in-1,Faced multiple errors during checkout. Very poor experience.,1,Ordering,2026-02-27,Negative
R000158,B00146,S0011,Laptop Stand Adjustable,Love the comparison feature! Helped me choose the right product.,5,Browsing,2026-05-16,Positive
R000159,B00132,S0039,Phone Holder Car Mount,Package arrived late and damaged. Product condition was terrible.,2,Delivery,2026-07-10,Negative
R000160,B00068,S0007,Bluetooth Speaker Waterproof,Checkout process kept failing. Had to retry multiple times. Very annoying!,2,Ordering,2026-05-07,Negative
R000161,B00018,S0005,Gaming Mouse Wireless,Received the product as scheduled. Meets basic expectations.,4,Delivery,2026-01-23,Neutral
R000162,B00007,S0039,Webcam Cover Slide,Easy and secure checkout. Appreciated the clear pricing.,5,Ordering,2026-05-13,Positive
R000163,B00023,S0048,Laptop Backpack Travel,Great after-sales support. They followed up to ensure satisfaction.,4,After-sales,2026-02-22,Positive
R000164,B00035,S0023,Ergonomic Office Chair,Smooth ordering process with multiple payment options. Excellent!,4,Ordering,2026-05-25,Positive
R000165,B00165,S0013,LED Desk Lamp,Checkout was okay. Process could be simplified.,4,Ordering,2026-06-24,Neutral
R000166,B00119,S0023,USB-C Hub 7-in-1,Received the product as scheduled. Meets basic expectations.,3,Delivery,2026-04-02,Neutral
R000167,B00085,S0041,External SSD 1TB,Got help but had to wait longer than expected.,3,Support,2026-04-26,Neutral
R000168,B00011,S0049,Ring Light for Video,Product information is adequate but could be more detailed.,3,Browsing,2026-03-23,Neutral
R000169,B00118,S0033,Phone Charger Fast Charging,Super fast delivery and the product quality exceeded my expectations!,4,Delivery,2026-07-02,Positive
R000170,B00120,S0034,HDMI Cable 4K 6ft,Complicated checkout with too many unnecessary steps.,2,Ordering,2026-03-23,Negative
R000171,B00042,S0040,Surge Protector 12 Outlet,Order confirmation was instant. Very professional service.,4,Ordering,2026-04-14,Positive
R000172,B00072,S0012,Monitor 27 inch 4K,Super fast delivery and the product quality exceeded my expectations!,5,Delivery,2026-07-03,Positive
R000173,B00137,S0011,Tablet 10 inch Android,Received my order on time. Great tracking updates throughout.,5,Delivery,2026-06-28,Positive
R000174,B00002,S0025,Screen Protector Tempered Glass,Excellent customer service! Very patient and understanding.,5,Support,2026-06-17,Positive
R000175,B00017,S0044,External SSD 1TB,Customer support was amazing! Resolved my query in minutes.,5,Support,2026-05-09,Positive
R000176,B00023,S0007,Microphone USB Condenser,Love the comparison feature! Helped me choose the right product.,5,Browsing,2026-02-13,Positive
R000177,B00026,S0015,Microphone USB Condenser,Complete waste of money. Product quality is extremely poor.,2,After-sales,2026-01-29,Negative
R000178,B00092,S0004,Noise Cancelling Earbuds,Customer support was amazing! Resolved my query in minutes.,5,Support,2026-06-14,Positive
R000179,B00010,S0005,Screen Protector Tempered Glass,Still loving this product! Best purchase I've made this year.,5,After-sales,2026-06-20,Positive
R000180,B00088,S0044,USB-C Hub 7-in-1,Customer support was amazing! Resolved my query in minutes.,5,Support,2026-02-25,Positive
R000181,B00047,S0018,Mouse Pad XXL Gaming,Product is working perfectly after a month. Very durable and high quality.,4,After-sales,2026-05-07,Positive
R000182,B00044,S0027,Webcam Cover Slide,Worst purchase ever. Product failed and no after-sales support.,1,After-sales,2026-05-28,Negative
R000183,B00002,S0041,Fitness Tracker Smart Band,Customer support is non-responsive. Still waiting for a reply after days.,1,Support,2026-02-28,Negative
R000184,B00056,S0025,Gaming Mouse Wireless,Very poor product quality. Broke down within days. Do not recommend!,2,After-sales,2026-02-13,Negative
R000185,B00120,S0015,Smart Watch Series 5,Standard delivery service. Product arrived intact.,3,Delivery,2026-03-19,Neutral
R000186,B00142,S0022,Screen Protector Tempered Glass,"Delivery was average. Product is okay, nothing extraordinary.",3,Delivery,2026-03-12,Neutral
R000187,B00096,S0045,Screen Protector Tempered Glass,Payment options are great! Completed my order in seconds.,5,Ordering,2026-04-18,Positive
R000188,B00069,S0010,Surge Protector 12 Outlet,Clean interface and fast loading. Shopping experience was pleasant.,4,Browsing,2026-03-09,Positive
R000189,B00071,S0026,Laptop Backpack Travel,Payment options are great! Completed my order in seconds.,4,Ordering,2026-05-10,Positive
R000190,B00136,S0010,HDMI Cable 4K 6ft,Order confirmation was instant. Very professional service.,5,Ordering,2026-04-05,Positive
R000191,B00007,S0041,Bluetooth Speaker Waterproof,Clean interface and fast loading. Shopping experience was pleasant.,5,Browsing,2026-03-20,Positive
R000192,B00133,S0004,Screen Protector Tempered Glass,Product arrived damaged due to poor packaging. Very disappointed.,2,Delivery,2026-06-12,Negative
R000193,B00069,S0026,Webcam Cover Slide,Terrible support! They couldn't resolve my issue and were rude.,1,Support,2026-04-10,Negative
R000194,B00110,S0040,LED Desk Lamp,Product exceeded expectations. Would definitely buy from this seller again!,4,After-sales,2026-03-11,Positive
R000195,B00067,S0050,Noise Cancelling Earbuds,Excellent packaging and quick shipping. Product arrived intact.,4,Delivery,2026-05-20,Positive
R000196,B00080,S0033,Wireless Charger Pad,Love the comparison feature! Helped me choose the right product.,5,Browsing,2026-06-27,Positive
R000197,B00035,S0050,Ring Light for Video,Terrible support! They couldn't resolve my issue and were rude.,1,Support,2026-02-07,Negative
R000198,B00128,S0015,External SSD 1TB,Excellent product images and specifications. Made my decision easy.,5,Browsing,2026-02-02,Positive
R000199,B00106,S0025,External SSD 1TB,Payment gateway issues. Order took forever to complete.,2,Ordering,2026-06-08,Negative
R000200,B00035,S0007,Smart Watch Series 5,Worst purchase ever. Product failed and no after-sales support.,2,After-sales,2026-03-21,Negative
R000201,B00071,S0009,Phone Charger Fast Charging,Order placed successfully but took a few steps.,3,Ordering,2026-03-30,Neutral
R000202,B00074,S0018,USB-C Hub 7-in-1,Very poor product quality. Broke down within days. Do not recommend!,1,After-sales,2026-07-08,Negative
R000203,B00037,S0042,Tablet 10 inch Android,Very slow delivery. Product packaging was poor and item was broken.,1,Delivery,2026-03-12,Negative
R000204,B00145,S0040,Webcam Cover Slide,Product is defective and seller is not helping with replacement.,1,After-sales,2026-02-20,Negative
R000205,B00148,S0012,Phone Case Premium Leather,Quick response from customer care. They solved my issue immediately.,5,Support,2026-04-14,Positive
R000206,B00036,S0036,Laptop Backpack Travel,Product is functional. Meets basic requirements.,3,After-sales,2026-04-10,Neutral
R000207,B00028,S0035,Wireless Bluetooth Headphones,Product information is adequate but could be more detailed.,3,Browsing,2026-01-22,Neutral
R000208,B00022,S0006,Mechanical Keyboard RGB,Support team resolved my issue eventually. Could be faster.,3,Support,2026-04-07,Neutral
R000209,B00119,S0038,LED Desk Lamp,Package arrived earlier than expected! Product was well packed and in perfect condition.,5,Delivery,2026-06-12,Positive
R000210,B00157,S0047,Webcam HD 1080p,Excellent product images and specifications. Made my decision easy.,5,Browsing,2026-04-26,Positive
R000211,B00087,S0013,Monitor 27 inch 4K,Terrible support! They couldn't resolve my issue and were rude.,1,Support,2026-07-10,Negative
R000212,B00019,S0002,Phone Holder Car Mount,No response from customer care. Extremely poor support.,1,Support,2026-03-21,Negative
R000213,B00060,S0033,Microphone USB Condenser,Standard delivery service. Product arrived intact.,3,Delivery,2026-05-13,Neutral
R000214,B00043,S0009,External SSD 1TB,Product arrived damaged due to poor packaging. Very disappointed.,2,Delivery,2026-03-30,Negative
R000215,B00112,S0019,Phone Case Premium Leather,Great product description! Very detailed and helpful. Easy to find what I needed.,4,Browsing,2026-04-12,Positive
R000216,B00148,S0031,Laptop Stand Adjustable,It's been okay. Product quality is as expected.,3,After-sales,2026-05-03,Neutral
R000217,B00164,S0024,HDMI Cable 4K 6ft,Excellent packaging and quick shipping. Product arrived intact.,4,Delivery,2026-04-30,Positive
R000218,B00086,S0049,Ring Light for Video,Product stopped working after a week. Quality is terrible.,1,After-sales,2026-02-01,Negative
R000219,B00088,S0011,HDMI Cable 4K 6ft,Late delivery and the product was not as described. Waste of money!,1,Delivery,2026-02-22,Negative
R000220,B00098,S0001,Wireless Bluetooth Headphones,Checkout was okay. Process could be simplified.,3,Ordering,2026-05-20,Neutral
R000221,B00104,S0009,Noise Cancelling Earbuds,"Delivery was average. Product is okay, nothing extraordinary.",3,Delivery,2026-03-26,Neutral
R000222,B00035,S0030,Microphone USB Condenser,Excellent product images and specifications. Made my decision easy.,5,Browsing,2026-02-18,Positive
R000223,B00108,S0020,Webcam HD 1080p,Smooth ordering process with multiple payment options. Excellent!,5,Ordering,2026-05-30,Positive
R000224,B00062,S0013,Phone Charger Fast Charging,Great product description! Very detailed and helpful. Easy to find what I needed.,5,Browsing,2026-02-04,Positive
R000225,B00165,S0038,Gaming Mouse Wireless,No issues so far. The product quality is outstanding.,4,After-sales,2026-03-01,Positive
R000226,B00163,S0035,Smart Watch Series 5,Checkout was okay. Process could be simplified.,3,Ordering,2026-04-18,Neutral
R000227,B00042,S0023,Standing Desk Electric,Customer support was helpful but took some time to respond.,4,Support,2026-07-11,Neutral
R000228,B00065,S0036,Surge Protector 12 Outlet,Very slow delivery. Product packaging was poor and item was broken.,2,Delivery,2026-03-25,Negative
R000229,B00111,S0044,Tablet 10 inch Android,Product is functional. Meets basic requirements.,3,After-sales,2026-03-25,Neutral
R000230,B00091,S0039,Wireless Bluetooth Headphones,Product stopped working after a week. Quality is terrible.,2,After-sales,2026-04-11,Negative
R000231,B00131,S0009,Ring Light for Video,No response from customer care. Extremely poor support.,1,Support,2026-05-23,Negative
R000232,B00016,S0021,Wireless Charger Pad,Love the comparison feature! Helped me choose the right product.,5,Browsing,2026-07-05,Positive
R000233,B00041,S0041,Microphone USB Condenser,Issue was solved but the process was a bit lengthy.,4,Support,2026-06-27,Neutral
R000234,B00158,S0022,Portable Power Bank 20000mAh,Quick response from customer care. They solved my issue immediately.,5,Support,2026-02-28,Positive
R000235,B00135,S0035,HDMI Cable 4K 6ft,Product information is adequate but could be more detailed.,3,Browsing,2026-06-03,Neutral
R000236,B00028,S0041,Mechanical Keyboard RGB,Faced multiple errors during checkout. Very poor experience.,2,Ordering,2026-05-09,Negative
R000237,B00012,S0002,Webcam Cover Slide,Support team is unhelpful and slow. Very disappointing service.,2,Support,2026-02-08,Negative
R000238,B00025,S0019,Cable Organizer Box,No issues yet. Performance is average.,3,After-sales,2026-01-28,Neutral
R000239,B00155,S0040,Laptop Backpack Travel,Great product description! Very detailed and helpful. Easy to find what I needed.,5,Browsing,2026-06-09,Positive
R000240,B00088,S0033,Standing Desk Electric,Complete waste of money. Product quality is extremely poor.,1,After-sales,2026-04-13,Negative
R000241,B00065,S0012,Bluetooth Speaker Waterproof,Product is working perfectly after a month. Very durable and high quality.,5,After-sales,2026-01-28,Positive
R000242,B00147,S0004,Laptop Backpack Travel,Great product description! Very detailed and helpful. Easy to find what I needed.,4,Browsing,2026-06-01,Positive
R000243,B00153,S0039,Smart Watch Series 5,Search functionality is terrible. Couldn't find what I needed easily.,1,Browsing,2026-07-07,Negative
R000244,B00019,S0033,HDMI Cable 4K 6ft,No response from customer care. Extremely poor support.,1,Support,2026-06-28,Negative
R000245,B00022,S0030,External SSD 1TB,It's been okay. Product quality is as expected.,3,After-sales,2026-04-01,Neutral
R000246,B00155,S0042,LED Desk Lamp,Package arrived earlier than expected! Product was well packed and in perfect condition.,5,Delivery,2026-04-07,Positive
R000247,B00083,S0007,Portable Power Bank 20000mAh,Order placed successfully but took a few steps.,3,Ordering,2026-07-15,Neutral
R000248,B00142,S0011,Phone Holder Car Mount,Package arrived late and damaged. Product condition was terrible.,1,Delivery,2026-02-26,Negative
R000249,B00019,S0030,Gaming Mouse Wireless,Package arrived earlier than expected! Product was well packed and in perfect condition.,5,Delivery,2026-02-26,Positive
R000250,B00077,S0017,Wireless Charger Pad,Average browsing experience. Some categories are confusing.,4,Browsing,2026-05-26,Neutral
R000251,B00072,S0002,USB-C Hub 7-in-1,Standard delivery service. Product arrived intact.,3,Delivery,2026-06-19,Neutral
R000252,B00003,S0009,Bluetooth Speaker Waterproof,Package arrived late and damaged. Product condition was terrible.,2,Delivery,2026-04-10,Negative
R000253,B00091,S0039,Phone Case Premium Leather,Support team is unhelpful and slow. Very disappointing service.,1,Support,2026-06-09,Negative
R000254,B00093,S0013,Monitor 27 inch 4K,Order placed successfully but took a few steps.,4,Ordering,2026-03-14,Neutral
R000255,B00159,S0040,Microphone USB Condenser,Very poor website design. Makes shopping difficult.,1,Browsing,2026-03-26,Negative
R000256,B00045,S0047,Laptop Backpack Travel,Payment gateway issues. Order took forever to complete.,1,Ordering,2026-03-10,Negative
R000257,B00011,S0035,Portable Power Bank 20000mAh,Worst purchase ever. Product failed and no after-sales support.,1,After-sales,2026-03-27,Negative
R000258,B00145,S0031,HDMI Cable 4K 6ft,Standard delivery service. Product arrived intact.,3,Delivery,2026-04-06,Neutral
R000259,B00067,S0049,Bluetooth Speaker Waterproof,No issues yet. Performance is average.,3,After-sales,2026-06-25,Neutral
R000260,B00103,S0006,Phone Holder Car Mount,Product arrived damaged due to poor packaging. Very disappointed.,2,Delivery,2026-06-19,Negative
R000261,B00009,S0021,Ring Light for Video,Faced multiple errors during checkout. Very poor experience.,1,Ordering,2026-05-17,Negative
R000262,B00127,S0043,External SSD 1TB,Support team resolved my issue eventually. Could be faster.,3,Support,2026-06-13,Neutral
R000263,B00143,S0021,Laptop Backpack Travel,Payment went through fine. Nothing remarkable.,4,Ordering,2026-06-20,Neutral
R000264,B00006,S0047,Standing Desk Electric,Excellent product images and specifications. Made my decision easy.,5,Browsing,2026-05-24,Positive
R000265,B00032,S0033,Mechanical Keyboard RGB,Easy and secure checkout. Appreciated the clear pricing.,5,Ordering,2026-07-16,Positive
R000266,B00161,S0020,Bluetooth Speaker Waterproof,Payment options are great! Completed my order in seconds.,4,Ordering,2026-04-07,Positive
R000267,B00128,S0021,Standing Desk Electric,Received my order on time. Great tracking updates throughout.,5,Delivery,2026-04-03,Positive
R000268,B00099,S0010,Bluetooth Speaker Waterproof,Very poor website design. Makes shopping difficult.,1,Browsing,2026-04-29,Negative
R000269,B00112,S0010,Mechanical Keyboard RGB,Fast delivery! The product is exactly as described. Very satisfied.,5,Delivery,2026-06-18,Positive
R000270,B00143,S0027,Phone Case Premium Leather,Customer support was amazing! Resolved my query in minutes.,5,Support,2026-06-13,Positive
R000271,B00047,S0033,Wireless Charger Pad,Faced multiple errors during checkout. Very poor experience.,1,Ordering,2026-04-06,Negative
R000272,B00140,S0001,Phone Holder Car Mount,Smooth ordering process with multiple payment options. Excellent!,5,Ordering,2026-02-13,Positive
R000273,B00105,S0011,Webcam HD 1080p,Order confirmation was instant. Very professional service.,5,Ordering,2026-05-11,Positive
R000274,B00128,S0034,HDMI Cable 4K 6ft,Received the product as scheduled. Meets basic expectations.,3,Delivery,2026-07-06,Neutral
R000275,B00020,S0029,Portable Power Bank 20000mAh,Issue was solved but the process was a bit lengthy.,3,Support,2026-06-22,Neutral
R000276,B00033,S0029,Wireless Bluetooth Headphones,Delivery was on time. Packaging was basic but sufficient.,3,Delivery,2026-03-23,Neutral
R000277,B00131,S0043,Ring Light for Video,Product exceeded expectations. Would definitely buy from this seller again!,4,After-sales,2026-07-10,Positive
R000278,B00050,S0035,Mouse Pad XXL Gaming,Product is working fine so far. No major complaints.,4,After-sales,2026-04-17,Neutral
R000279,B00041,S0036,Ergonomic Office Chair,Excellent packaging and quick shipping. Product arrived intact.,5,Delivery,2026-03-15,Positive
R000280,B00051,S0041,USB-C Hub 7-in-1,The support team was very helpful and friendly. Great service!,5,Support,2026-05-09,Positive
R000281,B00007,S0039,Tablet 10 inch Android,Great product description! Very detailed and helpful. Easy to find what I needed.,5,Browsing,2026-03-06,Positive
R000282,B00148,S0006,Bluetooth Speaker Waterproof,Easy and secure checkout. Appreciated the clear pricing.,4,Ordering,2026-01-31,Positive
R000283,B00083,S0046,Webcam HD 1080p,Product descriptions are misleading and incomplete.,2,Browsing,2026-01-28,Negative
R000284,B00148,S0036,Portable Power Bank 20000mAh,Received my order on time. Great tracking updates throughout.,5,Delivery,2026-06-21,Positive
R000285,B00045,S0045,Phone Holder Car Mount,Product is working perfectly after a month. Very durable and high quality.,5,After-sales,2026-03-31,Positive
R000286,B00052,S0006,Microphone USB Condenser,Excellent packaging and quick shipping. Product arrived intact.,5,Delivery,2026-06-11,Positive
R000287,B00069,S0031,HDMI Cable 4K 6ft,Received my order on time. Great tracking updates throughout.,4,Delivery,2026-05-17,Positive
R000288,B00050,S0049,USB-C Hub 7-in-1,Product is working fine so far. No major complaints.,4,After-sales,2026-01-31,Neutral
R000289,B00146,S0043,Laptop Backpack Travel,Still loving this product! Best purchase I've made this year.,4,After-sales,2026-07-02,Positive
R000290,B00089,S0041,HDMI Cable 4K 6ft,Checkout process was super smooth and quick. Loved the experience!,4,Ordering,2026-05-31,Positive
R000291,B00012,S0026,Portable Power Bank 20000mAh,"Navigation is fine, nothing special but gets the job done.",3,Browsing,2026-05-05,Neutral
R000292,B00104,S0012,USB-C Hub 7-in-1,Package arrived late and damaged. Product condition was terrible.,1,Delivery,2026-02-27,Negative
R000293,B00122,S0002,USB-C Hub 7-in-1,Package arrived earlier than expected! Product was well packed and in perfect condition.,4,Delivery,2026-03-21,Positive
R000294,B00133,S0027,Laptop Stand Adjustable,Easy and secure checkout. Appreciated the clear pricing.,5,Ordering,2026-01-29,Positive
R000295,B00033,S0008,Webcam Cover Slide,The support team was very helpful and friendly. Great service!,5,Support,2026-05-18,Positive
R000296,B00059,S0043,Phone Holder Car Mount,Great product description! Very detailed and helpful. Easy to find what I needed.,5,Browsing,2026-07-01,Positive
R000297,B00152,S0032,Surge Protector 12 Outlet,Still loving this product! Best purchase I've made this year.,4,After-sales,2026-03-22,Positive
R000298,B00065,S0016,Phone Charger Fast Charging,No issues so far. The product quality is outstanding.,5,After-sales,2026-07-01,Positive
R000299,B00069,S0030,External SSD 1TB,The support team was very helpful and friendly. Great service!,4,Support,2026-05-21,Positive
R000300,B00003,S0012,Mouse Pad XXL Gaming,Order confirmation was instant. Very professional service.,4,Ordering,2026-05-07,Positive
R000301,B00049,S0007,Phone Holder Car Mount,Delivery was on time. Packaging was basic but sufficient.,3,Delivery,2026-06-13,Neutral
R000302,B00107,S0006,Mechanical Keyboard RGB,Support team is unhelpful and slow. Very disappointing service.,2,Support,2026-05-17,Negative
R000303,B00015,S0030,Laptop Backpack Travel,Product exceeded expectations. Would definitely buy from this seller again!,5,After-sales,2026-05-29,Positive
R000304,B00110,S0039,Laptop Backpack Travel,Support team went above and beyond to help me. Highly recommend!,5,Support,2026-02-02,Positive
R000305,B00014,S0043,Screen Protector Tempered Glass,Customer support was amazing! Resolved my query in minutes.,5,Support,2026-04-30,Positive
R000306,B00021,S0043,Webcam Cover Slide,Product is working perfectly after a month. Very durable and high quality.,5,After-sales,2026-07-01,Positive
R000307,B00134,S0036,Gaming Mouse Wireless,"Navigation is fine, nothing special but gets the job done.",3,Browsing,2026-04-09,Neutral
R000308,B00054,S0027,Webcam HD 1080p,Package arrived earlier than expected! Product was well packed and in perfect condition.,5,Delivery,2026-05-01,Positive
R000309,B00030,S0021,Microphone USB Condenser,The support team was very helpful and friendly. Great service!,5,Support,2026-07-19,Positive
R000310,B00127,S0036,Mechanical Keyboard RGB,Support team is unhelpful and slow. Very disappointing service.,2,Support,2026-02-19,Negative
R000311,B00026,S0025,Portable Power Bank 20000mAh,Order placed successfully but took a few steps.,3,Ordering,2026-07-09,Neutral
R000312,B00101,S0034,Monitor 27 inch 4K,Received my order on time. Great tracking updates throughout.,4,Delivery,2026-07-05,Positive
R000313,B00142,S0045,Portable Power Bank 20000mAh,Package arrived earlier than expected! Product was well packed and in perfect condition.,4,Delivery,2026-05-03,Positive
R000314,B00152,S0038,Gaming Mouse Wireless,Product stopped working after a week. Quality is terrible.,2,After-sales,2026-06-05,Negative
R000315,B00056,S0047,Surge Protector 12 Outlet,Support team went above and beyond to help me. Highly recommend!,4,Support,2026-06-13,Positive
R000316,B00110,S0027,Noise Cancelling Earbuds,Checkout is functional but could be more intuitive.,3,Ordering,2026-05-15,Neutral
R000317,B00146,S0008,Smart Watch Series 5,Product is functional. Meets basic requirements.,4,After-sales,2026-05-05,Neutral
R000318,B00097,S0005,HDMI Cable 4K 6ft,Product is working perfectly after a month. Very durable and high quality.,4,After-sales,2026-07-03,Positive
R000319,B00166,S0013,Gaming Mouse Wireless,Payment went through fine. Nothing remarkable.,3,Ordering,2026-05-24,Neutral
R000320,B00141,S0037,USB-C Hub 7-in-1,Still loving this product! Best purchase I've made this year.,5,After-sales,2026-05-26,Positive
R000321,B00061,S0040,Surge Protector 12 Outlet,Support team resolved my issue eventually. Could be faster.,3,Support,2026-01-24,Neutral
R000322,B00146,S0004,Microphone USB Condenser,Delivery was on time. Packaging was basic but sufficient.,3,Delivery,2026-04-27,Neutral
R000323,B00039,S0046,Webcam Cover Slide,Interface is decent but could be more user-friendly.,4,Browsing,2026-06-16,Neutral
R000324,B00043,S0003,Screen Protector Tempered Glass,Got help but had to wait longer than expected.,3,Support,2026-01-25,Neutral
R000325,B00086,S0030,Surge Protector 12 Outlet,Standard ordering process. No issues but nothing special.,3,Ordering,2026-01-28,Neutral
R000326,B00022,S0031,External SSD 1TB,Worst purchase ever. Product failed and no after-sales support.,1,After-sales,2026-03-29,Negative
R000327,B00012,S0009,External SSD 1TB,Product is working fine so far. No major complaints.,3,After-sales,2026-04-30,Neutral
R000328,B00068,S0018,Screen Protector Tempered Glass,Website is slow and difficult to navigate. Very frustrating experience.,2,Browsing,2026-06-13,Negative
R000329,B00065,S0035,HDMI Cable 4K 6ft,Customer support was helpful but took some time to respond.,3,Support,2026-07-02,Neutral
R000330,B00026,S0015,Ergonomic Office Chair,Payment gateway issues. Order took forever to complete.,2,Ordering,2026-07-05,Negative
R000331,B00062,S0044,Laptop Backpack Travel,Product is defective and seller is not helping with replacement.,1,After-sales,2026-03-30,Negative
R000332,B00155,S0041,Phone Case Premium Leather,Order confirmation was instant. Very professional service.,5,Ordering,2026-05-16,Positive
R000333,B00079,S0047,Microphone USB Condenser,Product is working perfectly after a month. Very durable and high quality.,5,After-sales,2026-02-17,Positive
R000334,B00151,S0009,Mechanical Keyboard RGB,Easy and secure checkout. Appreciated the clear pricing.,4,Ordering,2026-05-14,Positive
R000335,B00143,S0009,Phone Holder Car Mount,Terrible support! They couldn't resolve my issue and were rude.,2,Support,2026-07-01,Negative
R000336,B00087,S0026,Noise Cancelling Earbuds,Customer support was helpful but took some time to respond.,3,Support,2026-02-16,Neutral
R000337,B00004,S0022,Smart Watch Series 5,Acceptable quality. Nothing impressive but does the job.,3,After-sales,2026-02-13,Neutral
R000338,B00154,S0034,Bluetooth Speaker Waterproof,Love the comparison feature! Helped me choose the right product.,5,Browsing,2026-04-01,Positive
R000339,B00127,S0037,Screen Protector Tempered Glass,Excellent customer service! Very patient and understanding.,5,Support,2026-03-15,Positive
R000340,B00025,S0001,USB-C Hub 7-in-1,The website navigation is smooth. Found exactly what I was looking for quickly.,5,Browsing,2026-04-23,Positive
R000341,B00018,S0012,Webcam Cover Slide,Support team is unhelpful and slow. Very disappointing service.,1,Support,2026-04-30,Negative
R000342,B00150,S0014,HDMI Cable 4K 6ft,Checkout was okay. Process could be simplified.,4,Ordering,2026-02-01,Neutral
R000343,B00015,S0041,Laptop Backpack Travel,The support team was very helpful and friendly. Great service!,4,Support,2026-03-27,Positive
R000344,B00028,S0024,Portable Power Bank 20000mAh,Order confirmation took hours. Poor system reliability.,1,Ordering,2026-03-11,Negative
R000345,B00119,S0025,Fitness Tracker Smart Band,Love the comparison feature! Helped me choose the right product.,5,Browsing,2026-04-18,Positive
R000346,B00029,S0043,Portable Power Bank 20000mAh,Great product description! Very detailed and helpful. Easy to find what I needed.,5,Browsing,2026-03-19,Positive
R000347,B00072,S0030,Mechanical Keyboard RGB,Support team is unhelpful and slow. Very disappointing service.,1,Support,2026-05-30,Negative
R000348,B00146,S0003,Wireless Bluetooth Headphones,Payment went through fine. Nothing remarkable.,3,Ordering,2026-03-04,Neutral
R000349,B00049,S0018,Microphone USB Condenser,Super fast delivery and the product quality exceeded my expectations!,5,Delivery,2026-01-26,Positive
R000350,B00070,S0021,Laptop Stand Adjustable,Product arrived damaged due to poor packaging. Very disappointed.,2,Delivery,2026-06-16,Negative
R000351,B00136,S0039,Ergonomic Office Chair,Clean interface and fast loading. Shopping experience was pleasant.,5,Browsing,2026-07-11,Positive
R000352,B00126,S0022,Mechanical Keyboard RGB,Late delivery and the product was not as described. Waste of money!,2,Delivery,2026-04-19,Negative
R000353,B00011,S0036,Surge Protector 12 Outlet,Website is slow and difficult to navigate. Very frustrating experience.,1,Browsing,2026-03-17,Negative
R000354,B00116,S0040,Microphone USB Condenser,Quick response from customer care. They solved my issue immediately.,5,Support,2026-06-01,Positive
R000355,B00001,S0046,Laptop Backpack Travel,Very poor website design. Makes shopping difficult.,1,Browsing,2026-04-03,Negative
R000356,B00002,S0044,Tablet 10 inch Android,Worst purchase ever. Product failed and no after-sales support.,1,After-sales,2026-06-07,Negative
R000357,B00119,S0001,Webcam HD 1080p,Support team went above and beyond to help me. Highly recommend!,5,Support,2026-03-18,Positive
R000358,B00062,S0041,Surge Protector 12 Outlet,Payment options are great! Completed my order in seconds.,5,Ordering,2026-06-15,Positive
R000359,B00047,S0048,Monitor 27 inch 4K,Product is working perfectly after a month. Very durable and high quality.,5,After-sales,2026-07-16,Positive
R000360,B00140,S0049,Wireless Charger Pad,Order placed successfully but took a few steps.,3,Ordering,2026-03-06,Neutral
R000361,B00166,S0036,External SSD 1TB,Support team resolved my issue eventually. Could be faster.,3,Support,2026-07-16,Neutral
R000362,B00098,S0015,Cable Organizer Box,Super fast delivery and the product quality exceeded my expectations!,4,Delivery,2026-06-29,Positive
R000363,B00065,S0006,Bluetooth Speaker Waterproof,Product exceeded expectations. Would definitely buy from this seller again!,5,After-sales,2026-02-17,Positive
R000364,B00064,S0017,Mechanical Keyboard RGB,"Delivery was average. Product is okay, nothing extraordinary.",3,Delivery,2026-03-12,Neutral
R000365,B00134,S0044,Cable Organizer Box,Order confirmation took hours. Poor system reliability.,1,Ordering,2026-07-08,Negative
R000366,B00004,S0002,Webcam Cover Slide,Order confirmation was instant. Very professional service.,5,Ordering,2026-02-07,Positive
R000367,B00017,S0004,Laptop Stand Adjustable,Product is working perfectly after a month. Very durable and high quality.,5,After-sales,2026-03-29,Positive
R000368,B00157,S0037,Wireless Charger Pad,Support was adequate. Response time could be improved.,3,Support,2026-04-27,Neutral
R000369,B00016,S0024,Phone Case Premium Leather,The support team was very helpful and friendly. Great service!,5,Support,2026-03-25,Positive
R000370,B00072,S0018,Wireless Bluetooth Headphones,Quick response from customer care. They solved my issue immediately.,5,Support,2026-04-21,Positive
R000371,B00020,S0008,Phone Case Premium Leather,Excellent packaging and quick shipping. Product arrived intact.,5,Delivery,2026-04-29,Positive
R000372,B00108,S0032,Standing Desk Electric,Delivery was on time. Packaging was basic but sufficient.,4,Delivery,2026-05-15,Neutral
R000373,B00153,S0012,Standing Desk Electric,It's been okay. Product quality is as expected.,3,After-sales,2026-05-23,Neutral
R000374,B00081,S0005,Surge Protector 12 Outlet,Package arrived earlier than expected! Product was well packed and in perfect condition.,5,Delivery,2026-06-02,Positive
R000375,B00040,S0013,External SSD 1TB,Fast delivery! The product is exactly as described. Very satisfied.,5,Delivery,2026-04-09,Positive
R000376,B00081,S0040,Surge Protector 12 Outlet,Excellent customer service! Very patient and understanding.,5,Support,2026-02-18,Positive
R000377,B00118,S0031,Ergonomic Office Chair,Order confirmation was instant. Very professional service.,5,Ordering,2026-02-20,Positive
R000378,B00003,S0016,USB-C Hub 7-in-1,Very poor website design. Makes shopping difficult.,1,Browsing,2026-07-19,Negative
R000379,B00074,S0031,Mechanical Keyboard RGB,Package arrived earlier than expected! Product was well packed and in perfect condition.,5,Delivery,2026-02-17,Positive
R000380,B00093,S0008,Webcam Cover Slide,Delivery was on time. Packaging was basic but sufficient.,4,Delivery,2026-05-09,Neutral
R000381,B00146,S0049,Laptop Stand Adjustable,Great after-sales support. They followed up to ensure satisfaction.,5,After-sales,2026-03-07,Positive
R000382,B00068,S0004,USB-C Hub 7-in-1,Issue was solved but the process was a bit lengthy.,3,Support,2026-03-30,Neutral
R000383,B00041,S0020,Gaming Mouse Wireless,Product stopped working after a week. Quality is terrible.,2,After-sales,2026-04-03,Negative
R000384,B00031,S0040,Mechanical Keyboard RGB,Customer support was amazing! Resolved my query in minutes.,5,Support,2026-06-05,Positive
R000385,B00148,S0012,Monitor 27 inch 4K,Excellent customer service! Very patient and understanding.,5,Support,2026-02-25,Positive
R000386,B00166,S0036,Laptop Stand Adjustable,Customer support was helpful but took some time to respond.,4,Support,2026-04-18,Neutral
R000387,B00163,S0046,Bluetooth Speaker Waterproof,No issues so far. The product quality is outstanding.,5,After-sales,2026-06-08,Positive
R000388,B00107,S0044,USB-C Hub 7-in-1,Interface is decent but could be more user-friendly.,4,Browsing,2026-01-31,Neutral
R000389,B00119,S0038,Laptop Backpack Travel,Customer support was amazing! Resolved my query in minutes.,5,Support,2026-06-06,Positive
R000390,B00006,S0010,Smart Watch Series 5,Website is okay. Could use better search filters.,3,Browsing,2026-03-04,Neutral
R000391,B00056,S0018,Phone Charger Fast Charging,Product is working perfectly after a month. Very durable and high quality.,5,After-sales,2026-03-31,Positive
R000392,B00148,S0044,Smart Watch Series 5,Excellent customer service! Very patient and understanding.,5,Support,2026-06-23,Positive
R000393,B00117,S0041,Webcam HD 1080p,Issue was solved but the process was a bit lengthy.,3,Support,2026-01-23,Neutral
R000394,B00109,S0042,Noise Cancelling Earbuds,"Navigation is fine, nothing special but gets the job done.",3,Browsing,2026-03-29,Neutral
R000395,B00059,S0030,Bluetooth Speaker Waterproof,Received the product as scheduled. Meets basic expectations.,4,Delivery,2026-06-21,Neutral
R000396,B00132,S0020,Phone Holder Car Mount,Smooth ordering process with multiple payment options. Excellent!,5,Ordering,2026-04-25,Positive
R000397,B00010,S0034,HDMI Cable 4K 6ft,No issues so far. The product quality is outstanding.,5,After-sales,2026-07-08,Positive
R000398,B00091,S0027,Cable Organizer Box,Standard delivery service. Product arrived intact.,3,Delivery,2026-01-26,Neutral
R000399,B00118,S0026,Wireless Bluetooth Headphones,No issues so far. The product quality is outstanding.,5,After-sales,2026-04-18,Positive
R000400,B00093,S0014,Screen Protector Tempered Glass,Order confirmation took hours. Poor system reliability.,2,Ordering,2026-02-23,Negative
R000401,B00038,S0011,Wireless Charger Pad,Website is okay. Could use better search filters.,4,Browsing,2026-02-20,Neutral
R000402,B00116,S0003,Portable Power Bank 20000mAh,Support team went above and beyond to help me. Highly recommend!,5,Support,2026-07-03,Positive
R000403,B00150,S0017,Cable Organizer Box,The website navigation is smooth. Found exactly what I was looking for quickly.,5,Browsing,2026-03-21,Positive
R000404,B00117,S0020,Portable Power Bank 20000mAh,Product stopped working after a week. Quality is terrible.,1,After-sales,2026-03-27,Negative
R000405,B00025,S0045,Cable Organizer Box,Great product description! Very detailed and helpful. Easy to find what I needed.,5,Browsing,2026-04-14,Positive
R000406,B00147,S0041,Laptop Stand Adjustable,Customer support is non-responsive. Still waiting for a reply after days.,1,Support,2026-04-30,Negative
R000407,B00067,S0015,Screen Protector Tempered Glass,Customer support was amazing! Resolved my query in minutes.,5,Support,2026-04-30,Positive
R000408,B00044,S0015,Ring Light for Video,Order confirmation was instant. Very professional service.,5,Ordering,2026-06-29,Positive
R000409,B00023,S0012,Fitness Tracker Smart Band,Support team is unhelpful and slow. Very disappointing service.,2,Support,2026-03-23,Negative
R000410,B00160,S0033,Laptop Stand Adjustable,Great product description! Very detailed and helpful. Easy to find what I needed.,5,Browsing,2026-03-05,Positive
R000411,B00066,S0025,Webcam HD 1080p,Checkout was okay. Process could be simplified.,3,Ordering,2026-02-23,Neutral
R000412,B00069,S0007,Noise Cancelling Earbuds,Payment went through fine. Nothing remarkable.,4,Ordering,2026-05-13,Neutral
R000413,B00052,S0004,Fitness Tracker Smart Band,Super fast delivery and the product quality exceeded my expectations!,5,Delivery,2026-06-23,Positive
R000414,B00006,S0045,Standing Desk Electric,Smooth ordering process with multiple payment options. Excellent!,4,Ordering,2026-05-31,Positive
R000415,B00157,S0013,Phone Charger Fast Charging,Checkout process kept failing. Had to retry multiple times. Very annoying!,2,Ordering,2026-02-09,Negative
R000416,B00103,S0005,Ergonomic Office Chair,Quick response from customer care. They solved my issue immediately.,4,Support,2026-02-08,Positive
R000417,B00131,S0045,External SSD 1TB,"Navigation is fine, nothing special but gets the job done.",4,Browsing,2026-05-21,Neutral
R000418,B00145,S0039,Wireless Charger Pad,Smooth ordering process with multiple payment options. Excellent!,5,Ordering,2026-06-01,Positive
R000419,B00161,S0011,Microphone USB Condenser,The website navigation is smooth. Found exactly what I was looking for quickly.,5,Browsing,2026-02-03,Positive
R000420,B00106,S0030,Mouse Pad XXL Gaming,Smooth ordering process with multiple payment options. Excellent!,5,Ordering,2026-04-29,Positive
R000421,B00109,S0021,Cable Organizer Box,Excellent product images and specifications. Made my decision easy.,5,Browsing,2026-03-15,Positive
R000422,B00018,S0017,Webcam HD 1080p,Customer support was helpful but took some time to respond.,4,Support,2026-05-14,Neutral
R000423,B00158,S0049,Webcam Cover Slide,Product is working perfectly after a month. Very durable and high quality.,5,After-sales,2026-03-21,Positive
R000424,B00093,S0039,Webcam HD 1080p,Super fast delivery and the product quality exceeded my expectations!,5,Delivery,2026-05-02,Positive
R000425,B00121,S0003,LED Desk Lamp,Website is slow and difficult to navigate. Very frustrating experience.,1,Browsing,2026-07-15,Negative
R000426,B00060,S0032,Standing Desk Electric,Payment gateway issues. Order took forever to complete.,2,Ordering,2026-02-10,Negative
R000427,B00048,S0012,Webcam HD 1080p,Product is functional. Meets basic requirements.,3,After-sales,2026-02-26,Neutral
R000428,B00112,S0017,Webcam Cover Slide,Standard ordering process. No issues but nothing special.,3,Ordering,2026-06-28,Neutral
R000429,B00161,S0005,Laptop Backpack Travel,It's been okay. Product quality is as expected.,3,After-sales,2026-02-26,Neutral
R000430,B00053,S0048,Ergonomic Office Chair,Checkout process was super smooth and quick. Loved the experience!,4,Ordering,2026-06-17,Positive
R000431,B00101,S0003,Phone Holder Car Mount,The support team was very helpful and friendly. Great service!,5,Support,2026-04-20,Positive
R000432,B00125,S0002,Webcam Cover Slide,Payment went through fine. Nothing remarkable.,3,Ordering,2026-03-12,Neutral
R000433,B00142,S0023,Tablet 10 inch Android,Customer support is non-responsive. Still waiting for a reply after days.,2,Support,2026-07-07,Negative
R000434,B00157,S0050,HDMI Cable 4K 6ft,Fast delivery! The product is exactly as described. Very satisfied.,5,Delivery,2026-05-24,Positive
R000435,B00159,S0042,External SSD 1TB,Payment went through fine. Nothing remarkable.,3,Ordering,2026-03-18,Neutral
R000436,B00111,S0014,Noise Cancelling Earbuds,Super fast delivery and the product quality exceeded my expectations!,5,Delivery,2026-02-18,Positive
R000437,B00058,S0021,Smart Watch Series 5,No issues so far. The product quality is outstanding.,5,After-sales,2026-03-12,Positive
R000438,B00067,S0045,Portable Power Bank 20000mAh,Interface is decent but could be more user-friendly.,3,Browsing,2026-02-20,Neutral
R000439,B00158,S0020,Gaming Mouse Wireless,Product is working perfectly after a month. Very durable and high quality.,5,After-sales,2026-03-28,Positive
R000440,B00087,S0036,Wireless Bluetooth Headphones,Faced multiple errors during checkout. Very poor experience.,2,Ordering,2026-05-18,Negative
R000441,B00021,S0029,Screen Protector Tempered Glass,"Delivery was average. Product is okay, nothing extraordinary.",3,Delivery,2026-02-25,Neutral
R000442,B00014,S0014,Wireless Bluetooth Headphones,Checkout process kept failing. Had to retry multiple times. Very annoying!,2,Ordering,2026-07-12,Negative
R000443,B00086,S0015,Cable Organizer Box,The support team was very helpful and friendly. Great service!,5,Support,2026-07-08,Positive
R000444,B00146,S0031,Mouse Pad XXL Gaming,"Delivery was average. Product is okay, nothing extraordinary.",4,Delivery,2026-02-09,Neutral
R000445,B00027,S0038,External SSD 1TB,Very poor website design. Makes shopping difficult.,2,Browsing,2026-03-18,Negative
R000446,B00141,S0005,Ring Light for Video,Delivery was delayed by a week. No proper updates provided.,1,Delivery,2026-07-13,Negative
R000447,B00031,S0048,Ring Light for Video,Excellent product images and specifications. Made my decision easy.,4,Browsing,2026-06-27,Positive
R000448,B00151,S0028,Phone Holder Car Mount,Payment gateway issues. Order took forever to complete.,1,Ordering,2026-06-20,Negative
R000449,B00090,S0023,External SSD 1TB,Payment options are great! Completed my order in seconds.,5,Ordering,2026-06-02,Positive
R000450,B00137,S0031,Noise Cancelling Earbuds,Payment gateway issues. Order took forever to complete.,2,Ordering,2026-03-08,Negative
R000451,B00113,S0004,Mechanical Keyboard RGB,Clean interface and fast loading. Shopping experience was pleasant.,5,Browsing,2026-01-22,Positive
R000452,B00087,S0029,Mouse Pad XXL Gaming,Super fast delivery and the product quality exceeded my expectations!,5,Delivery,2026-02-16,Positive
R000453,B00163,S0042,Microphone USB Condenser,Very slow delivery. Product packaging was poor and item was broken.,2,Delivery,2026-04-13,Negative
R000454,B00018,S0028,Standing Desk Electric,Product is functional. Meets basic requirements.,3,After-sales,2026-05-24,Neutral
R000455,B00125,S0021,Webcam Cover Slide,Super fast delivery and the product quality exceeded my expectations!,5,Delivery,2026-05-27,Positive
R000456,B00145,S0046,Phone Charger Fast Charging,Received my order on time. Great tracking updates throughout.,5,Delivery,2026-05-11,Positive
R000457,B00027,S0010,Standing Desk Electric,Checkout was okay. Process could be simplified.,3,Ordering,2026-03-07,Neutral
R000458,B00132,S0030,Mouse Pad XXL Gaming,Fast delivery! The product is exactly as described. Very satisfied.,5,Delivery,2026-04-06,Positive
R000459,B00152,S0004,Laptop Stand Adjustable,Product is working fine so far. No major complaints.,4,After-sales,2026-01-31,Neutral
R000460,B00122,S0042,Fitness Tracker Smart Band,Checkout is functional but could be more intuitive.,3,Ordering,2026-05-27,Neutral
R000461,B00009,S0010,Webcam Cover Slide,Quick response from customer care. They solved my issue immediately.,4,Support,2026-01-29,Positive
R000462,B00067,S0039,Noise Cancelling Earbuds,No issues yet. Performance is average.,3,After-sales,2026-02-18,Neutral
R000463,B00097,S0001,Phone Charger Fast Charging,Received my order on time. Great tracking updates throughout.,5,Delivery,2026-02-28,Positive
R000464,B00013,S0044,Smart Watch Series 5,Package arrived on expected date. Product condition is acceptable.,4,Delivery,2026-05-25,Neutral
R000465,B00130,S0039,Fitness Tracker Smart Band,Standard delivery service. Product arrived intact.,3,Delivery,2026-05-08,Neutral
R000466,B00122,S0032,Phone Holder Car Mount,Support team resolved my issue eventually. Could be faster.,4,Support,2026-02-26,Neutral
R000467,B00106,S0018,Fitness Tracker Smart Band,The support team was very helpful and friendly. Great service!,4,Support,2026-03-20,Positive
R000468,B00151,S0001,Laptop Backpack Travel,Website is okay. Could use better search filters.,3,Browsing,2026-01-30,Neutral
R000469,B00060,S0028,Screen Protector Tempered Glass,Package arrived late and damaged. Product condition was terrible.,1,Delivery,2026-05-28,Negative
R000470,B00097,S0009,Laptop Backpack Travel,Super fast delivery and the product quality exceeded my expectations!,5,Delivery,2026-05-06,Positive
R000471,B00117,S0014,Microphone USB Condenser,Love the comparison feature! Helped me choose the right product.,4,Browsing,2026-01-27,Positive
R000472,B00102,S0007,Ergonomic Office Chair,Still loving this product! Best purchase I've made this year.,5,After-sales,2026-04-15,Positive
R000473,B00063,S0003,Ring Light for Video,Checkout process was super smooth and quick. Loved the experience!,5,Ordering,2026-02-22,Positive
R000474,B00089,S0042,Webcam HD 1080p,Payment options are great! Completed my order in seconds.,5,Ordering,2026-02-16,Positive
R000475,B00047,S0048,External SSD 1TB,Product is working perfectly after a month. Very durable and high quality.,4,After-sales,2026-05-11,Positive
R000476,B00136,S0023,USB-C Hub 7-in-1,Received the product as scheduled. Meets basic expectations.,4,Delivery,2026-02-03,Neutral
R000477,B00012,S0026,Phone Case Premium Leather,Smooth ordering process with multiple payment options. Excellent!,5,Ordering,2026-05-11,Positive
R000478,B00041,S0002,Screen Protector Tempered Glass,Super fast delivery and the product quality exceeded my expectations!,5,Delivery,2026-05-30,Positive
R000479,B00090,S0030,Phone Charger Fast Charging,Customer support is non-responsive. Still waiting for a reply after days.,1,Support,2026-05-09,Negative
R000480,B00135,S0032,Phone Charger Fast Charging,Clean interface and fast loading. Shopping experience was pleasant.,5,Browsing,2026-04-24,Positive
R000481,B00035,S0028,Phone Holder Car Mount,Great after-sales support. They followed up to ensure satisfaction.,5,After-sales,2026-01-27,Positive
R000482,B00123,S0037,Wireless Bluetooth Headphones,Product is working perfectly after a month. Very durable and high quality.,5,After-sales,2026-06-23,Positive
R000483,B00011,S0003,Ergonomic Office Chair,Package arrived late and damaged. Product condition was terrible.,2,Delivery,2026-05-26,Negative
R000484,B00052,S0022,Bluetooth Speaker Waterproof,Package arrived on expected date. Product condition is acceptable.,3,Delivery,2026-05-26,Neutral
R000485,B00150,S0010,USB-C Hub 7-in-1,Package arrived earlier than expected! Product was well packed and in perfect condition.,4,Delivery,2026-02-18,Positive
R000486,B00151,S0012,Phone Case Premium Leather,Excellent customer service! Very patient and understanding.,5,Support,2026-06-24,Positive
R000487,B00147,S0047,Gaming Mouse Wireless,Acceptable quality. Nothing impressive but does the job.,3,After-sales,2026-04-15,Neutral
R000488,B00077,S0009,Bluetooth Speaker Waterproof,Product exceeded expectations. Would definitely buy from this seller again!,5,After-sales,2026-06-29,Positive
R000489,B00001,S0006,Mechanical Keyboard RGB,Excellent customer service! Very patient and understanding.,5,Support,2026-04-06,Positive
R000490,B00154,S0050,Smart Watch Series 5,Quick response from customer care. They solved my issue immediately.,4,Support,2026-06-23,Positive
R000491,B00081,S0048,Tablet 10 inch Android,Product is working perfectly after a month. Very durable and high quality.,5,After-sales,2026-04-15,Positive
R000492,B00047,S0048,Laptop Backpack Travel,Customer support is non-responsive. Still waiting for a reply after days.,2,Support,2026-04-25,Negative
R000493,B00075,S0015,Standing Desk Electric,Very slow delivery. Product packaging was poor and item was broken.,1,Delivery,2026-04-01,Negative
R000494,B00145,S0015,Mouse Pad XXL Gaming,Excellent product images and specifications. Made my decision easy.,5,Browsing,2026-06-10,Positive
R000495,B00026,S0028,Ergonomic Office Chair,Payment went through fine. Nothing remarkable.,3,Ordering,2026-02-06,Neutral
R000496,B00118,S0050,Wireless Charger Pad,Checkout process kept failing. Had to retry multiple times. Very annoying!,1,Ordering,2026-06-04,Negative
R000497,B00124,S0034,Phone Case Premium Leather,Worst purchase ever. Product failed and no after-sales support.,1,After-sales,2026-06-01,Negative
R000498,B00106,S0018,Phone Holder Car Mount,Customer support was helpful but took some time to respond.,4,Support,2026-01-30,Neutral
R000499,B00158,S0044,Phone Holder Car Mount,Checkout process was super smooth and quick. Loved the experience!,5,Ordering,2026-04-12,Positive
R000500,B00160,S0029,Mouse Pad XXL Gaming,"Navigation is fine, nothing special but gets the job done.",3,Browsing,2026-03-12,Neutral
